No,filename,diag_pred,diag_gt,age,site,sex
16,EMCI_012_S_4849_201302_05_FC,1,1,67.0,4,0
63,EMCI_031_S_2233_201201_08_FC,1,1,57.0,4,0
85,EMCI_130_S_4468_201202_06_FC,1,1,62.0,4,0
23,EMCI_068_S_2315_201709_01_FC,1,1,75.0,4,0
66,EMCI_052_S_4944_201804_01_FC,1,1,74.0,4,1
76,OAS30899_MR_d1616,0,0,74.661,5,1
92,EMCI_130_S_4417_201201_05_FC,1,1,75.0,4,1
94,OAS30858_MR_d2100,0,0,69.248,5,0
74,EMCI_018_S_2155_201212_05_FC,1,1,71.0,4,0
77,EMCI_127_S_2234_201801_01_FC,0,1,71.0,4,0
84,EMCI_022_S_2379_201705_01_FC,0,1,72.0,4,1
22,EMCI_041_S_4513_201711_01_FC,1,1,66.0,4,1
70,EMCI_031_S_4149_201202_05_FC,1,1,74.0,4,1
14,OAS30127_MR_d0837,0,0,65.495,5,1
2,EMCI_002_S_2073_201310_05_FC,1,1,67.0,4,0
86,NC_033_S_1016_201712_01_FC,0,0,89.0,4,0
95,EMCI_130_S_2391_201308_05_FC,1,1,74.0,4,0
69,EMCI_013_S_4917_201208_05_FC,1,1,75.0,4,1
56,AFM0407,0,0,50.0,3,0
78,EMCI_094_S_4434_201602_01_FC,0,1,71.0,4,1
39,EMCI_137_S_4299_201710_01_FC,1,1,83.0,4,0
65,EMCI_031_S_2022_201007_05_FC,1,1,66.0,4,1
5,EMCI_021_S_4659_201706_01_FC,1,1,91.0,4,1
88,EMCI_002_S_2010_201006_05_FC,1,1,63.0,4,0
29,EMCI_018_S_4597_201203_05_FC,1,1,69.0,4,0
21,NC_018_S_4313_201511_04_FC,0,0,81.0,4,0
30,EMCI_130_S_2391_201106_05_FC,1,1,72.0,4,0
13,OAS30253_MR_d2541,0,0,54.971,5,0
36,EMCI_002_S_4799_201301_05_FC,1,1,69.0,4,1
37,EMCI_100_S_4556_201211_05_FC,1,1,74.0,4,1
18,EMCI_024_S_4674_201707_01_FC,0,1,83.0,4,1
26,NC_141_S_6042_201708_01_FC,0,0,61.0,4,0
48,EMCI_018_S_4597_201208_07_FC,1,1,69.0,4,0
87,EMCI_002_S_4447_201201_05_FC,1,1,68.0,4,0
45,NC_012_S_4026_201112_06_FC,0,0,74.0,4,1
68,EMCI_130_S_2403_201201_05_FC,1,1,80.0,4,0
83,EMCI_031_S_4476_201201_05_FC,1,1,89.0,4,1
47,EMCI_002_S_2043_201109_06_FC,1,1,73.0,4,0
49,EMCI_031_S_2233_201402_05_FC,1,1,59.0,4,0
73,EMCI_099_S_2146_201710_01_FC,0,1,73.0,4,1
89,EMCI_006_S_4679_201212_06_FC,1,1,70.0,4,1
9,EMCI_041_S_4271_201709_01_FC,1,1,68.0,4,1
93,EMCI_130_S_4405_201402_05_FC,1,1,74.0,4,1
12,EMCI_006_S_4679_201212_05_FC,1,1,70.0,4,1
8,EMCI_018_S_4809_201406_05_FC,1,1,80.0,4,1
75,NC_941_S_4292_201708_01_FC,0,0,77.0,4,1
24,OAS30673_MR_d2417,0,0,45.265,5,0
96,EMCI_012_S_4188_201205_05_FC,1,1,78.0,4,1
0,NC_037_S_0303_201705_01_FC,0,0,95.0,4,1
35,EMCI_130_S_4415_201401_05_FC,1,1,77.0,4,0
67,EMCI_018_S_2155_201103_05_FC,1,1,69.0,4,0
50,NC_035_S_6306_201804_01_FC,1,0,73.0,4,1
52,EMCI_018_S_2155_201107_05_FC,1,1,70.0,4,0
6,EMCI_018_S_4597_201303_05_FC,1,1,70.0,4,0
1,OAS30248_MR_d0078,0,0,68.501,5,1
82,NC_098_S_4003_201711_01_FC,0,0,79.0,4,0
55,EMCI_130_S_4883_201310_05_FC,1,1,77.0,4,0
58,EMCI_018_S_4868_201302_05_FC,1,1,78.0,4,1
62,EMCI_027_S_2219_201704_01_FC,1,1,81.0,4,1
90,NC_006_S_4357_201111_05_FC,1,0,74.0,4,0
15,EMCI_002_S_4473_201208_05_FC,1,1,75.0,4,1
72,OAS31018_MR_d0041,0,0,61.517,5,1
33,OAS30996_MR_d4705,0,0,62.606,5,0
27,EMCI_012_S_4128_201203_05_FC,1,1,74.0,4,0
79,EMCI_031_S_4005_201405_05_FC,1,1,74.0,4,1
7,NC_012_S_4545_201209_05_FC,1,0,68.0,4,0
3,NC_018_S_4349_201211_06_FC,1,0,73.0,4,0
4,NC_941_S_6054_201707_01_FC,1,0,79.0,4,0
53,NC_100_S_4469_201404_05_FC,1,0,68.0,4,1
80,EMCI_031_S_2233_201103_05_FC,1,1,56.0,4,0
11,EMCI_002_S_2010_201010_06_FC,1,1,63.0,4,0
19,EMCI_031_S_2018_201307_07_FC,1,1,80.0,4,0
59,EMCI_130_S_2402_201109_06_FC,1,1,70.0,4,0
64,OAS31011_MR_d0089,0,0,72.12,5,1
41,EMCI_013_S_4917_201308_06_FC,1,1,76.0,4,1
81,EMCI_024_S_2239_201803_01_FC,0,1,81.0,4,0
91,EMCI_130_S_4415_201201_05_FC,1,1,75.0,4,0
20,OAS30715_MR_d1230,0,0,52.813,5,1
38,OAS30830_MR_d0030,1,0,71.154,5,1
44,EMCI_006_S_4679_201206_05_FC,1,1,69.0,4,1
71,EMCI_135_S_4356_201709_01_FC,0,1,74.0,4,1
25,EMCI_002_S_4447_201301_06_FC,1,1,69.0,4,0
32,AFM0106,0,0,78.0,3,0
61,EMCI_114_S_2392_201708_01_FC,0,1,71.0,4,0
43,AFM0469,0,0,60.0,3,1
40,EMCI_130_S_2391_201109_05_FC,1,1,72.0,4,0
60,EMCI_031_S_2018_201009_05_FC,1,1,77.0,4,0
54,EMCI_031_S_4149_201111_05_FC,1,1,74.0,4,1
51,EMCI_018_S_2133_201103_05_FC,1,1,63.0,4,0
31,EMCI_002_S_4799_201407_05_FC,1,1,70.0,4,1
57,EMCI_018_S_2133_201212_05_FC,1,1,65.0,4,0
10,EMCI_053_S_4813_201607_05_FC,1,1,72.0,4,1
28,EMCI_130_S_2391_201207_05_FC,1,1,73.0,4,0
34,EMCI_012_S_4128_201308_05_FC,1,1,75.0,4,0
17,EMCI_053_S_4557_201403_09_FC,1,1,85.0,4,0
42,EMCI_053_S_2396_201111_07_FC,1,1,71.0,4,0
46,NC_135_S_6360_201805_01_FC,0,0,68.0,4,1
